BARRIO;POBLACION;CANTIDAD_RECLAMOS;PUNTAJE
ALMAGRO;131699;883;6.704682647552372
BARRACAS;89452;391;4.3710593390868846
BELGRANO;126267;1106;8.759216580737644
CABALLITO;176076;1420;8.064699334378337
FLORES;164310;1192;7.254579757774938
NUÑEZ;51949;512;9.855820131282604
PALERMO;226534;1860;8.210688020341318
PUERTO MADERO;6726;41;6.095747844186739
RECOLETA;157932;869;5.502368107793227
